node,x,y,t_transmit,lambda
0,0.77395604855596334,0.43887843975205232,1,1
1,0.85859791991138246,0.6973680290593639,7,0.14285714285714285
2,0.094177347887649532,0.97562235163675592,6,0.16666666666666666
3,0.76113970199035297,0.78606430527695381,1,1
4,0.12811363267554587,0.45038593789556713,10,0.10000000000000001
5,0.37079802423258124,0.92676498884860181,3,0.33333333333333331
6,0.64386512008066454,0.82276161327082997,3,0.33333333333333331
7,0.44341419882733113,0.22723872178477689,2,0.5
8,0.5545847870158348,0.063817256104175324,4,0.25
9,0.82763117199258207,0.63166439912206485,2,0.5
10,0.75808774008537383,0.35452596812986836,4,0.25
11,0.97069802439490327,0.89312112132219768,9,0.1111111111111111
12,0.77838349707376187,0.19463870785196757,5,0.20000000000000001
13,0.46672100372703418,0.043803765787228777,10,0.10000000000000001
14,0.15428949206754783,0.68304895324245463,5,0.20000000000000001
15,0.74476215590781714,0.96750973243421001,3,0.33333333333333331
16,0.32582535813815194,0.37045970603486889,8,0.125
17,0.46955581127580792,0.1894713590842857,9,0.1111111111111111
18,0.12992150533547164,0.47570492622593374,9,0.1111111111111111
19,0.22690934905088411,0.66981399468251035,9,0.1111111111111111
20,0.43715191887233074,0.83267819605783744,1,1
21,0.70026510200224912,0.31236664138204107,6,0.16666666666666666
22,0.83225980139520106,0.80476435749680186,3,0.33333333333333331
23,0.38747837903017446,0.28832810393024411,3,0.33333333333333331
24,0.68249550397497549,0.13975248360930981,3,0.33333333333333331
25,0.19990820247510832,0.0073622697510055124,9,0.1111111111111111
26,0.78692437750213839,0.66485085659203214,8,0.125
27,0.7051653786263351,0.78072903102196789,3,0.33333333333333331
28,0.45891577553833995,0.56874119595289374,5,0.20000000000000001
29,0.13979699812765745,0.11453007353597344,8,0.125
30,0.66840296179047165,0.47109620614313252,2,0.5
31,0.56523610648118883,0.76499885741602558,7,0.14285714285714285
32,0.63471832000059081,0.55357940065799582,5,0.20000000000000001
33,0.55920716074541355,0.3039500980626122,10,0.10000000000000001
34,0.030817834567939406,0.43671738923236236,8,0.125
35,0.2145846728195292,0.40852864372463615,3,0.33333333333333331
36,0.85340307326816611,0.23393948586534075,9,0.1111111111111111
37,0.058302741689066018,0.28138389202199654,8,0.125
38,0.29359375776668362,0.66191651472689506,3,0.33333333333333331
39,0.55703215234127834,0.7838982091064135,6,0.16666666666666666
40,0.66431354032738754,0.40638686144007052,8,0.125
41,0.81402038466603466,0.16697291990770391,3,0.33333333333333331
42,0.022712073133860478,0.090047860775641753,3,0.33333333333333331
43,0.72235935059645029,0.46187723025138738,2,0.5
44,0.16127177903360179,0.50104477510336354,1,1
45,0.15231210271316842,0.69632037507773603,5,0.20000000000000001
46,0.4461562755740307,0.38102122609648248,1,1
47,0.30151208914787653,0.63028259311888846,6,0.16666666666666666
48,0.36181261055339042,0.087649919316100999,5,0.20000000000000001
49,0.11800590212051532,0.96189766454951453,2,0.5
50,0.90858069070760705,0.69970713381074956,4,0.25
51,0.26586996145951958,0.96917637734772388,1,1
52,0.77875090396579461,0.71689018915899561,2,0.5
53,0.44936150214378867,0.27224156184515902,5,0.20000000000000001
54,0.096390962153499293,0.90260239654384167,1,1
55,0.45577628983361107,0.20236336479523032,8,0.125
56,0.3059566241506525,0.57921956894189597,3,0.33333333333333331
57,0.17677278293923171,0.8566142840923755,10,0.10000000000000001
58,0.75851952983521009,0.71946295595093679,2,0.5
59,0.43209303977510372,0.62730884070244319,7,0.14285714285714285
60,0.58409796891273558,0.64984660155481999,6,0.16666666666666666
61,0.084444321139889089,0.41580740217060963,10,0.10000000000000001
62,0.041614173861892478,0.49399081924451893,7,0.14285714285714285
63,0.32986121233278531,0.1445241888660469,9,0.1111111111111111
64,0.10340296772255164,0.58764457217771204,5,0.20000000000000001
65,0.1705929685368861,0.9251201183767972,3,0.33333333333333331
66,0.58106113970039497,0.34686980453483707,2,0.5
67,0.59091549148141675,0.022803871029697498,9,0.1111111111111111
68,0.95855921324144533,0.48230343694290023,3,0.33333333333333331
69,0.78273522725028621,0.082729999922438568,8,0.125
70,0.48665833083816035,0.49070699435452092,6,0.16666666666666666
71,0.93782645497498285,0.57172805237607538,3,0.33333333333333331
72,0.47348940105695381,0.26697566309189358,5,0.20000000000000001
73,0.33156899734255219,0.52067240247153779,8,0.125
74,0.43891146030504669,0.021612079880330426,5,0.20000000000000001
75,0.82629192419435782,0.89616077183976672,9,0.1111111111111111
76,0.14024908899861077,0.5540361435390494,10,0.10000000000000001
77,0.10857574113544355,0.67224009303981169,3,0.33333333333333331
78,0.28123378383900832,0.65942263469190177,6,0.16666666666666666
79,0.72699461428688261,0.76864749191765702,6,0.16666666666666666
80,0.10774094595589656,0.91601184513760792,6,0.16666666666666666
81,0.23021399089488082,0.037412556176179779,1,1
82,0.55485246939148336,0.37092228386243875,4,0.25
83,0.82978974313241316,0.80825147206430181,6,0.16666666666666666
84,0.31713889282271535,0.95289939506974497,10,0.10000000000000001
85,0.29091783814011862,0.51505712923171454,3,0.33333333333333331
86,0.25596509056760275,0.93604357004896332,7,0.14285714285714285
87,0.16460781758201815,0.044910619392328988,8,0.125
88,0.43509706000303794,0.99237556405583704,10,0.10000000000000001
89,0.89167726625491395,0.74860801945694921,2,0.5
90,0.89079249087852486,0.8934466396978632,7,0.14285714285714285
91,0.51885836038644906,0.31592905183079301,4,0.25
92,0.77201243211098802,0.66166126316776108,5,0.20000000000000001
93,0.37365772887371007,0.094466668061515269,1,1
94,0.74678961134902599,0.26246051592286468,8,0.125
95,0.93681315053377923,0.24097057500568475,1,1
96,0.12275793241148603,0.83111267212490614,4,0.25
97,0.15328431662449404,0.17926830815773909,5,0.20000000000000001
98,0.59938279152084351,0.87456204083746447,7,0.14285714285714285
99,0.19643466571457324,0.31032367290009477,5,0.20000000000000001
