sink,degree,tx_per_second,mean_hops,source_rate,traffic_weighted_hops,transmissions_2520s,is_bsink
0,8,101.3,3.4242424242424243,29.108333333333331,3.4801030632693961,255276,False
1,14,111.78650793650795,3.797979797979798,29.965476190476192,3.7305099784143128,281702,False
2,8,135.18611111111113,4.5656565656565657,29.941666666666666,4.5149828369978673,340669,False
3,18,99.765079365079359,3.393939393939394,29.108333333333331,3.4273717503033279,251408,False
4,11,103.97857142857143,3.3333333333333335,30.008333333333333,3.4649898837624469,262026,False
5,5,128.38492063492063,4.404040404040404,29.775000000000002,4.3118361254381403,323530,False
6,13,100.90912698412698,3.4141414141414139,29.774999999999995,3.3890554822544754,254291,False
7,16,91.970634920634922,3.0202020202020203,29.608333333333331,3.1062415396780727,231766,False
8,9,113.14563492063492,3.7373737373737375,29.858333333333331,3.7894156267028163,285127,False
9,15,98.483333333333334,3.3838383838383836,29.608333333333331,3.3262032085561501,248178,False
10,10,98.463888888888889,3.3434343434343434,29.858333333333331,3.2977021118243561,248129,False
11,5,139.67261904761904,4.7070707070707067,29.99722222222222,4.6561850965036449,351975,False
12,8,119.49444444444444,4.0505050505050502,29.908333333333335,3.9953561809231908,301126,False
13,9,116.3373015873016,3.7878787878787881,30.008333333333329,3.8768331548114952,293170,False
14,12,104.79960317460318,3.4848484848484849,29.908333333333331,3.5040268545423188,264095,False
15,9,119.62261904761904,4.0808080808080804,29.775000000000002,4.0175522769981207,301449,False
16,9,95.018650793650806,3.0808080808080809,29.983333333333331,3.169048942534213,239447,False
17,15,93.99404761904762,3.1010101010101012,29.997222222222224,3.1334250525842338,236865,False
18,11,100.02460317460319,3.2323232323232323,29.997222222222224,3.3344621856521108,252062,False
19,14,96.771825396825392,3.1818181818181817,29.99722222222222,3.2260262193589355,243865,False
20,6,109.78849206349206,3.7474747474747474,29.108333333333331,3.7717203113710416,276667,False
21,14,96.49444444444444,3.2424242424242422,29.941666666666666,3.2227479358010944,243166,False
22,17,111.0404761904762,3.7676767676767677,29.774999999999995,3.7293190995961787,279822,False
23,13,91.31230158730159,2.9898989898989901,29.775000000000002,3.0667439659882985,230107,False
24,8,115.28214285714284,3.8686868686868685,29.774999999999999,3.8717764183759145,290511,False
25,8,129.44325396825397,4.2020202020202024,29.997222222222224,4.3151746854867516,326197,False
26,14,96.576587301587296,3.2727272727272729,29.983333333333331,3.2210090261785651,243373,False
27,18,98.274603174603172,3.3333333333333335,29.774999999999999,3.3005744139245401,247652,False
28,11,82.18492063492063,2.6969696969696968,29.908333333333335,2.7478936963473042,207106,False
29,7,128.99404761904762,4.1515151515151514,29.983333333333331,4.3021916937981421,325065,False
30,11,85.960714285714275,2.8686868686868685,29.608333333333331,2.903260825861445,216621,False
31,10,91.696031746031736,3.0808080808080809,29.965476190476192,3.0600558844172521,231074,False
32,10,82.538888888888877,2.7575757575757578,29.908333333333335,2.759728800965914,207998,False
33,14,89.24722222222222,2.9494949494949494,30.008333333333333,2.9740812737202629,224903,False
34,9,120.33730158730158,3.8484848484848486,29.983333333333331,4.0134730935175629,303250,False
35,12,101.05079365079365,3.2525252525252526,29.774999999999999,3.3938133887756057,254648,False
36,8,119.58333333333331,4.0505050505050502,29.997222222222224,3.9864802296508928,301350,False
37,7,120.33968253968253,3.8383838383838382,29.983333333333331,4.0135525027131473,303256,False
38,12,94.50039682539682,3.0808080808080809,29.774999999999999,3.1738168539176095,238141,False
39,7,99.081349206349202,3.3737373737373737,29.941666666666666,3.3091460909440311,249685,False
40,12,88.765873015872998,2.9696969696969697,29.983333333333331,2.9605071600624684,223690,False
41,8,119.3611111111111,4.0505050505050502,29.775000000000002,4.0087694747644367,300790,False
42,5,141.23968253968255,4.5252525252525251,29.774999999999999,4.7435661642210762,355924,False
43,9,90.874206349206332,3.0606060606060606,29.608333333333331,3.0692104593033385,229003,False
44,18,96.832936507936509,3.1515151515151514,29.108333333333331,3.3266396739056345,244019,False
45,12,104.79960317460318,3.4848484848484849,29.908333333333335,3.5040268545423183,264095,False
46,14,84.101984126984135,2.7676767676767677,29.108333333333331,2.889275148937331,211937,False
47,13,92.030952380952371,3.0202020202020203,29.941666666666666,3.0736750029819886,231918,False
48,10,114.90396825396826,3.7676767676767677,29.908333333333335,3.8418713264074089,289558,False
49,9,126.71746031746031,4.3030303030303028,29.608333333333331,4.279790385053543,319328,False
50,13,112.01269841269841,3.808080808080808,29.858333333333331,3.7514718977180603,282272,False
51,11,125.78412698412697,4.2828282828282829,29.108333333333331,4.3212411216991802,316976,False
52,14,111.46111111111112,3.797979797979798,29.608333333333331,3.7645182474903844,280882,False
53,13,93.265079365079359,3.0707070707070705,29.908333333333335,3.1183643142406026,235028,False
54,8,134.35277777777779,4.5656565656565657,29.108333333333331,4.6156121767344223,338569,False
55,16,93.205158730158743,3.0606060606060606,29.983333333333331,3.1085656052304196,234877,False
56,13,91.864285714285714,3.0202020202020203,29.774999999999999,3.0852824757106876,231498,False
57,13,109.23730158730157,3.6666666666666665,30.008333333333333,3.6402322106293221,275278,False
58,16,98.500793650793668,3.3535353535353534,29.608333333333331,3.3267929181241884,248222,False
59,10,87.216269841269849,2.8484848484848486,29.965476190476188,2.9105584468899401,219785,False
60,12,85.253571428571433,2.8383838383838382,29.941666666666666,2.8473221740686259,214839,False
61,10,114.93174603174603,3.6767676767676769,30.008333333333329,3.829994313748827,289628,False
62,9,117.12380952380953,3.797979797979798,29.965476190476192,3.9086250049660323,295152,False
63,15,112.46785714285714,3.6565656565656566,29.997222222222224,3.7492757265884404,283419,False
64,12,109.66349206349206,3.5656565656565657,29.908333333333335,3.6666533986121612,276352,False
65,9,126.88412698412696,4.3030303030303028,29.775000000000002,4.2614316367464973,319748,False
66,16,84.232539682539667,2.8282828282828283,29.608333333333331,2.844892981115891,212266,False
67,4,129.13253968253969,4.2727272727272725,29.99722222222222,4.3048165835460956,325414,False
68,3,115.12936507936507,3.9393939393939394,29.775000000000002,3.8666453427158713,290126,False
69,5,130.06309523809526,4.3636363636363633,29.983333333333331,4.3378464226157396,327759,False
70,12,79.882142857142853,2.6363636363636362,29.941666666666666,2.6679257285992604,201303,False
71,7,118.21746031746032,4,29.775000000000002,3.9703597083949727,297908,False
72,13,93.265079365079359,3.0707070707070705,29.908333333333335,3.1183643142406026,235028,False
73,14,83.369841269841274,2.7272727272727271,29.983333333333331,2.78053945313534,210092,False
74,8,117.6718253968254,3.8383838383838382,29.908333333333331,3.9344160065809555,296533,False
75,12,123.23611111111113,4.1717171717171722,29.99722222222222,4.1082507639596271,310555,False
76,18,100.48015873015872,3.2222222222222223,30.008333333333333,3.3484085108633841,253210,False
77,13,104.74563492063491,3.4747474747474749,29.775000000000002,3.5179054549331621,263959,False
78,14,91.830952380952382,3.0101010101010099,29.941666666666666,3.0669953480974912,231414,False
79,19,98.191269841269843,3.3232323232323231,29.941666666666666,3.2794189760513168,247442,True
80,8,135.18611111111113,4.5656565656565657,29.941666666666666,4.5149828369978673,340669,False
81,7,128.88769841269843,4.2121212121212119,29.108333333333331,4.427862527776643,324797,False
82,15,84.810317460317449,2.808080808080808,29.858333333333331,2.8404236938984355,213722,False
83,17,111.20714285714286,3.7676767676767677,29.941666666666666,3.7141266748837025,280242,False
84,8,116.49484126984126,3.9595959595959598,30.008333333333333,3.8820830192671347,293567,False
85,15,83.903174603174605,2.7272727272727271,29.775000000000002,2.8179067876800872,211436,False
86,11,126.64126984126983,4.2828282828282829,29.965476190476192,4.226239190602942,319136,False
87,6,131.98214285714286,4.2828282828282829,29.983333333333331,4.4018502342571271,332595,False
88,5,128.61825396825395,4.404040404040404,30.008333333333333,4.2860845532325671,324118,False
89,16,111.20714285714286,3.7777777777777777,29.608333333333331,3.7559406537734712,280242,False
90,9,127.19484126984128,4.2828282828282829,29.965476190476188,4.2447128309032891,320531,False
91,13,90.204365079365076,2.9595959595959598,29.858333333333331,3.0210783727389923,227315,False
92,15,96.192063492063497,3.2525252525252526,29.908333333333335,3.2162294842707215,242404,False
93,13,110.9261904761905,3.6464646464646466,29.108333333333331,3.810805284037464,279534,False
94,12,104.48809523809521,3.5050505050505052,29.983333333333331,3.4848725482410856,263310,False
95,4,131.95198412698412,4.4646464646464645,29.108333333333331,4.5331342958024896,332519,False
96,12,116.06428571428572,3.8787878787878789,29.858333333333331,3.8871655835094301,292482,False
97,8,121.32063492063493,3.8989898989898988,29.908333333333331,4.0564157677559747,305728,False
98,8,109.4095238095238,3.7171717171717171,29.965476190476188,3.6511858885225061,275712,False
99,9,100.16507936507935,3.2323232323232323,29.908333333333331,3.3490692459764624,252416,False
