rc,connected,edges,average_degree,fixed_sink,degree_fixed_sink,dynamic_bsink,degree_dynamic_bsink,tx_fixed,tx_dynamic,mean_hops_fixed,mean_hops_dynamic,source_rate_fixed,source_rate_dynamic
0.13797630685863274,True,272,5.4400000000000004,79,9,3,12,211.70277777777775,209.78214285714282,7.4949494949494948,7.4545454545454541,29.941666666666666,29.108333333333331
0.17389396073952304,True,427,8.5399999999999991,79,16,79,16,130.55753968253967,130.55753968253967,4.4242424242424239,4.4242424242424239,29.941666666666666,29.941666666666666
0.20000000000000001,True,554,11.08,79,19,79,19,98.191269841269843,98.191269841269843,3.3232323232323231,3.3232323232323231,29.941666666666666,29.941666666666666
0.20981161462041337,True,605,12.1,79,20,79,20,92.211111111111094,92.211111111111094,3.1515151515151514,3.1515151515151514,29.941666666666666,29.941666666666666
0.24572926850130367,True,771,15.42,79,21,16,22,83.36388888888888,71.438888888888897,2.8484848484848486,2.3131313131313131,29.941666666666666,29.983333333333331
0.28164692238219396,True,955,19.100000000000001,79,22,16,28,74.712698412698401,64.760317460317466,2.5656565656565657,2.1212121212121211,29.941666666666666,29.983333333333331
0.31756457626308426,True,1193,23.859999999999999,79,26,16,37,63.724206349206355,57.161111111111119,2.1818181818181817,1.8383838383838385,29.941666666666666,29.983333333333331
0.35348223014397462,True,1437,28.739999999999998,79,29,28,44,54.989682539682548,46.499206349206354,1.9191919191919191,1.5656565656565657,29.941666666666666,29.908333333333335
0.38939988402486492,True,1664,33.280000000000001,79,33,28,53,53.078571428571429,43.113095238095241,1.8181818181818181,1.4646464646464648,29.941666666666666,29.908333333333335
0.42531753790575522,True,1886,37.719999999999999,79,35,28,61,50.841269841269842,42.159523809523812,1.7373737373737375,1.3838383838383839,29.941666666666666,29.908333333333335
0.46123519178664552,True,2153,43.060000000000002,79,42,59,69,48.507936507936513,38.466666666666669,1.6262626262626263,1.303030303030303,29.941666666666666,29.965476190476188
0.49715284566753581,True,2423,48.460000000000001,79,46,28,81,45.588492063492062,35.087301587301596,1.5454545454545454,1.1818181818181819,29.941666666666666,29.908333333333335
0.53307049954842611,True,2671,53.420000000000002,79,52,70,88,43.292857142857137,33.265079365079373,1.4747474747474747,1.1111111111111112,29.941666666666666,29.941666666666666
0.56898815342931641,True,2916,58.32,79,58,70,93,41.55674603174603,31.362301587301584,1.4141414141414141,1.0606060606060606,29.941666666666666,29.941666666666666
0.60490580731020671,True,3157,63.140000000000001,79,63,28,96,40.290079365079364,30.463888888888885,1.3636363636363635,1.0303030303030303,29.941666666666666,29.908333333333335
0.64082346119109701,True,3404,68.079999999999998,79,75,70,99,36.203968253968249,29.941666666666666,1.2424242424242424,1,29.941666666666666,29.941666666666666
0.67674111507198731,True,3654,73.079999999999998,79,79,28,99,34.726190476190474,29.908333333333331,1.202020202020202,1,29.941666666666666,29.908333333333335
0.71265876895287761,True,3852,77.040000000000006,79,82,28,99,34.301190476190477,29.908333333333331,1.1717171717171717,1,29.941666666666666,29.908333333333335
0.74857642283376791,True,4074,81.480000000000004,79,86,28,99,33.69722222222223,29.908333333333331,1.1313131313131313,1,29.941666666666666,29.908333333333335
0.78449407671465821,True,4244,84.879999999999995,79,91,28,99,32.161111111111111,29.908333333333331,1.0808080808080809,1,29.941666666666666,29.908333333333335
0.82041173059554851,True,4399,87.980000000000004,79,92,28,99,31.961111111111109,29.908333333333331,1.0707070707070707,1,29.941666666666666,29.908333333333335
0.8563293844764388,True,4531,90.620000000000005,79,94,7,99,31.636111111111109,29.608333333333331,1.0505050505050506,1,29.941666666666666,29.608333333333331
0.8922470383573291,True,4644,92.879999999999995,79,96,0,99,30.511111111111109,29.108333333333331,1.0303030303030303,1,29.941666666666666,29.108333333333331
0.9281646922382194,True,4737,94.739999999999995,79,98,0,99,30.274999999999999,29.108333333333331,1.0101010101010102,1,29.941666666666666,29.108333333333331
0.9640823461191097,True,4818,96.359999999999999,79,98,0,99,30.274999999999999,29.108333333333331,1.0101010101010102,1,29.941666666666666,29.108333333333331
1,True,4874,97.480000000000004,79,99,0,99,29.941666666666666,29.108333333333331,1,1,29.941666666666666,29.108333333333331
