node,parent,lambda,cumulative_load,x_path,straight_distance,graph_hops,route_hops
1,9,0.14285714285714285,0.2857142857142857,0.32890029095524564,0.27199469510784569,3,3
2,51,0.16666666666666666,0.16666666666666666,0.9461909737810128,0.8661368880422976,6,7
3,9,1,1.3333333333333333,0.42437329267783908,0.34742234234367375,3,3
4,85,0.10000000000000001,0.10000000000000001,0.66558803839473712,0.64594492695877503,4,4
5,20,0.33333333333333331,0.80952380952380953,0.66584642152140439,0.63290574129618427,5,5
6,60,0.33333333333333331,0.33333333333333331,0.47211566680019934,0.40532695516386924,3,3
7,66,0.5,0.5,0.39906288612300839,0.39249112683383502,3,3
8,24,0.25,0.25,0.46578141127478356,0.43450505390507715,3,3
9,43,0.5,5.4162698412698411,0.25626485563883777,0.20011857736390287,2,2
10,0,0.25,2.0194444444444444,0.085832060924162443,0.085832060924162443,1,1
11,89,0.1111111111111111,0.1111111111111111,0.5543047043980821,0.49501900854113323,4,4
12,10,0.20000000000000001,0.32500000000000001,0.24700232415812534,0.24427985782500167,2,2
13,17,0.10000000000000001,0.10000000000000001,0.5522234410518011,0.50047714311389457,4,4
14,47,0.20000000000000001,0.20000000000000001,0.68225291707696223,0.66603744706163281,4,4
15,3,0.33333333333333331,0.33333333333333331,0.606556351857239,0.52943680167774565,4,4
16,46,0.125,0.8833333333333333,0.45937622563319325,0.45332354761010063,4,4
17,33,0.1111111111111111,1.411111111111111,0.40652826655794433,0.39352686864232378,3,3
18,85,0.1111111111111111,0.2361111111111111,0.65614533157786037,0.6450865701339924,4,4
19,47,0.1111111111111111,1.6277777777777775,0.61028914414760138,0.59379400634432067,4,4
20,31,1,3.6761904761904765,0.55071534877596695,0.51818459050655397,4,4
21,0,0.16666666666666666,0.16666666666666666,0.14640898446064279,0.14640898446064279,1,1
22,9,0.33333333333333331,0.33333333333333331,0.42942668688199159,0.37050213548515015,3,3
23,82,0.33333333333333331,0.33333333333333331,0.41606210803788435,0.41476546705113254,3,3
24,94,0.33333333333333331,0.69444444444444442,0.31702889771868281,0.31279604993247723,2,2
25,63,0.1111111111111111,0.1111111111111111,0.72837894059856645,0.71814840705973948,5,5
26,9,0.125,0.125,0.30878517624994184,0.2263442306049743,2,3
27,9,0.33333333333333331,0.33333333333333331,0.44918487800115736,0.34870328794113475,3,3
28,32,0.20000000000000001,3.7039682539682541,0.35685318236827168,0.34075608442271116,2,2
29,63,0.125,0.45833333333333331,0.73184774202754055,0.71229176880486988,5,5
30,0,0.5,2.9039682539682543,0.11036049382344043,0.11036049382344043,1,1
31,60,0.14285714285714285,3.961904761904762,0.40584971449918544,0.38719315727040116,3,3
32,0,0.20000000000000001,8.5325396825396833,0.18039804734532575,0.18039804734532575,1,1
33,40,0.10000000000000001,1.836111111111111,0.26112281225932055,0.25361928595225247,2,2
34,18,0.125,0.125,0.76264211838584117,0.74314135615551546,5,5
35,16,0.33333333333333331,0.43333333333333335,0.57695060246328422,0.560194114671135,4,5
36,10,0.1111111111111111,1.1111111111111112,0.23953994115377181,0.21979946441199771,2,2
37,99,0.125,0.125,0.74318964830864953,0.73277840319855247,5,6
38,28,0.33333333333333331,0.33333333333333331,0.54662412215813683,0.52961676078161279,3,3
39,60,0.16666666666666666,0.16666666666666666,0.42591959213610542,0.40754707457457723,3,3
40,0,0.125,8.0833333333333339,0.11435550827072982,0.11435550827072982,1,1
41,10,0.33333333333333331,0.33333333333333331,0.28154768786082807,0.27484134104927904,2,2
42,29,0.33333333333333331,0.33333333333333331,0.85146487458991726,0.82828152426395629,6,6
43,0,0.5,5.9162698412698411,0.056490385064695066,0.056490385064695066,1,1
44,85,1,1.1428571428571428,0.62081045094761722,0.61583006371170401,4,4
45,47,0.20000000000000001,0.20000000000000001,0.6890212259155184,0.67284288319579733,4,4
46,82,1,1.8833333333333333,0.33858270181269973,0.33286656236244705,3,3
47,28,0.16666666666666666,2.5277777777777777,0.52585988062147715,0.50974390109864509,3,3
48,55,0.20000000000000001,0.20000000000000001,0.55438269938083529,0.54150132692008079,4,4
49,84,0.5,0.5,0.9199228526591644,0.83893963079379197,6,6
50,9,0.25,0.25,0.36201285006005091,0.29352240445803046,3,3
51,84,1,1.1666666666666667,0.77437739998757127,0.73441634957236468,6,6
52,9,0.5,0.5,0.35451309170335749,0.27805309465407901,3,3
53,91,0.20000000000000001,0.20000000000000001,0.36773204497677114,0.36486911165386726,3,3
54,96,1,1,0.87848827630422854,0.82105685212061408,6,6
55,33,0.125,0.32500000000000001,0.40609801508212107,0.3964564787494908,3,3
56,28,0.33333333333333331,0.33333333333333331,0.51017082092867394,0.48858888012927865,3,3
57,19,0.10000000000000001,0.10000000000000001,0.80370068306159037,0.72878740959170429,5,5
58,9,0.5,0.5,0.3680011776783666,0.28100881986296838,3,3
59,28,0.14285714285714285,0.14285714285714285,0.42127078994053269,0.39035411202525733,3,3
60,32,0.16666666666666666,4.628571428571429,0.28916290340079631,0.28381975917869601,2,2
61,35,0.10000000000000001,0.10000000000000001,0.70729434592577356,0.68989759748775981,5,6
62,44,0.14285714285714285,0.14285714285714285,0.74067579526651206,0.73441268766528522,5,5
63,72,0.1111111111111111,2.0055555555555555,0.53943139013444785,0.53278949743285364,4,4
64,76,0.20000000000000001,0.20000000000000001,0.69519646091290044,0.68685718775599114,4,5
65,86,0.33333333333333331,0.33333333333333331,0.86712172172293578,0.77490514023454315,6,7
66,40,0.5,3.2055555555555557,0.21669436830355446,0.21371484463399495,2,2
67,24,0.1111111111111111,0.1111111111111111,0.46556803960598681,0.45455680862973979,3,3
68,0,0.33333333333333331,0.66666666666666663,0.18964192256175935,0.18964192256175935,1,1
69,12,0.125,0.125,0.35899561175156058,0.35625662824937709,2,3
70,30,0.16666666666666666,2.4039682539682543,0.2931600941902458,0.29193522856626858,2,2
71,68,0.33333333333333331,0.33333333333333331,0.28143848628125179,0.21095622691517693,2,2
72,66,0.20000000000000001,2.2055555555555557,0.35068971446034408,0.34616581414513836,3,3
73,70,0.125,0.42500000000000004,0.45111776905199907,0.44988504689381914,3,3
74,17,0.20000000000000001,0.20000000000000001,0.57716183260311205,0.53513184468579666,4,4
75,83,0.1111111111111111,0.1111111111111111,0.52084398062715076,0.46026750386966947,4,4
76,73,0.10000000000000001,0.30000000000000004,0.64532499483609318,0.64408524849814552,4,4
77,47,0.33333333333333331,0.33333333333333331,0.72330573695679989,0.70511602926626327,4,4
78,28,0.16666666666666666,0.16666666666666666,0.55633755144519415,0.53982865065636465,3,3
79,9,0.16666666666666666,0.16666666666666666,0.42624157304065841,0.33309608835111004,3,3
80,96,0.16666666666666666,0.16666666666666666,0.8885082263643268,0.81945033374038878,6,6
81,63,1,1,0.68572722260340024,0.67589221104023978,5,5
82,40,0.25,2.4666666666666668,0.22941837071207061,0.22940012538352941,2,2
83,9,0.16666666666666666,0.27777777777777779,0.43286512109637504,0.37356905445928251,3,3
84,20,0.10000000000000001,1.7666666666666666,0.72058666216774103,0.68767685454574368,5,5
85,70,0.33333333333333331,1.8123015873015873,0.49040935160382809,0.48900828771359356,3,3
86,5,0.14285714285714285,0.47619047619047616,0.78105360325586504,0.71797479018475574,6,6
87,63,0.125,0.125,0.73238617162469266,0.72561416060470296,5,5
88,20,0.10000000000000001,0.10000000000000001,0.71042593637259821,0.64898727316925942,5,5
89,9,0.5,0.61111111111111116,0.38959794428261396,0.33134679361764735,3,3
90,1,0.14285714285714285,0.14285714285714285,0.52760437231665747,0.46934316087119876,4,4
91,40,0.25,0.45000000000000001,0.28564422561941888,0.28318083003558531,2,2
92,9,0.20000000000000001,0.20000000000000001,0.31945707097104781,0.22279130156709451,2,3
93,17,1,1,0.5415183903623606,0.52807027299351939,4,4
94,0,0.125,0.81944444444444442,0.17849733655917535,0.17849733655917535,1,1
95,36,1,1,0.32324583822175035,0.25630052398128111,2,3
96,19,0.25,1.4166666666666665,0.80229117781563186,0.76020173606434105,5,5
97,63,0.20000000000000001,0.20000000000000001,0.71939403604557051,0.672778432505997,5,5
98,31,0.14285714285714285,0.14285714285714285,0.52061071510756829,0.46935703076293911,4,4
99,16,0.20000000000000001,0.32500000000000001,0.60205871848722148,0.59165638314767854,4,5
