sink,degree,pos_x,pos_y,E2,E3,tx_length_routing,mean_route_hops,linear_link_cost
0,8,0.77395604855596334,0.43887843975205232,14.432143678898019,37.036273975206782,104.20833333333333,3.5353535353535355,14.43214367889802
1,14,0.85859791991138246,0.6973680290593639,15.947465301557576,43.907831353070108,114.38095238095238,3.8989898989898988,15.947465301557575
2,8,0.094177347887649532,0.97562235163675592,20.648398937750471,69.231974091774873,142.17896825396829,4.7474747474747474,20.648398937750468
3,18,0.76113970199035297,0.78606430527695381,15.570324968270938,43.234602507316005,115.30753968253968,3.9292929292929295,15.570324968270938
4,11,0.12811363267554587,0.45038593789556713,15.764144294984915,41.198839175789821,112.14087301587301,3.6262626262626263,15.764144294984915
5,5,0.37079802423258124,0.92676498884860181,17.926735906361685,53.513129143579391,130.43888888888887,4.4646464646464645,17.926735906361689
6,13,0.64386512008066454,0.82276161327082997,14.942278327564718,38.495532693319113,102.61190476190477,3.4848484848484849,14.94227832756472
7,16,0.44341419882733113,0.22723872178477689,14.339109865017083,35.209033296043401,92.67896825396825,3.0505050505050506,14.339109865017088
8,9,0.5545847870158348,0.063817256104175324,18.148057312451794,53.554314410722561,121.42857142857142,4.0303030303030303,18.148057312451801
9,15,0.82763117199258207,0.63166439912206485,15.082134417586911,39.410029918293695,101.14444444444445,3.4949494949494948,15.082134417586911
10,10,0.75808774008537383,0.35452596812986836,14.719814861541369,38.782632345454346,105.94444444444444,3.606060606060606,14.719814861541376
11,5,0.97069802439490327,0.89312112132219768,21.204996907964691,70.198914457119471,142.47539682539681,4.808080808080808,21.204996907964702
12,8,0.77838349707376187,0.19463870785196757,17.432519075850216,51.365015271056059,125.93412698412699,4.2525252525252526,17.432519075850212
13,9,0.46672100372703418,0.043803765787228777,18.23294187696029,54.485564277211452,122.91190476190476,4,18.232941876960297
14,12,0.15428949206754783,0.68304895324245463,15.823322992738436,41.479184578187059,108.50912698412698,3.606060606060606,15.82332299273844
15,9,0.74476215590781714,0.96750973243421001,18.932653436529002,56.932885603692426,121.45873015873016,4.1515151515151514,18.932653436528991
16,9,0.32582535813815194,0.37045970603486889,13.701320720269983,32.233521085829892,97.38928571428572,3.1515151515151514,13.701320720269981
17,15,0.46955581127580792,0.1894713590842857,15.026249801499356,39.534786209528669,105.45039682539684,3.4444444444444446,15.026249801499359
18,11,0.12992150533547164,0.47570492622593374,15.624985358251168,40.866600233306329,112.29444444444444,3.6464646464646466,15.624985358251172
19,14,0.22690934905088411,0.66981399468251035,14.629563353551656,36.235419810120405,102.18968253968254,3.3434343434343434,14.629563353551658
20,6,0.43715191887233074,0.83267819605783744,16.22095029723021,44.392382185835721,112.63412698412698,3.8383838383838382,16.22095029723021
21,14,0.70026510200224912,0.31236664138204107,14.433737375294029,36.741674645858765,98.4722222222222,3.3030303030303032,14.433737375294031
22,17,0.83225980139520106,0.80476435749680186,16.844036869161158,47.87629769521844,113.18492063492064,3.8585858585858586,16.844036869161155
23,13,0.38747837903017446,0.28832810393024411,13.725671267121049,32.716563208100204,95.557936507936518,3.1212121212121211,13.725671267121045
24,8,0.68249550397497549,0.13975248360930981,17.979663845308515,53.126380725178215,118.41944444444442,3.9797979797979797,17.979663845308526
25,8,0.19990820247510832,0.0073622697510055124,20.614067484857557,66.070574885676535,131.35992063492063,4.2525252525252526,20.614067484857561
26,14,0.78692437750213839,0.66485085659203214,14.680407673065169,37.607377926015879,105.49166666666667,3.6161616161616164,14.680407673065163
27,18,0.7051653786263351,0.78072903102196789,14.977690483429495,39.618793878473078,99.666269841269838,3.3838383838383836,14.977690483429498
28,11,0.45891577553833995,0.56874119595289374,12.266865009463158,25.765997205265833,84.234920634920627,2.7676767676767677,12.266865009463164
29,7,0.13979699812765745,0.11453007353597344,19.745403530587861,61.360039629560291,136.80277777777775,4.404040404040404,19.745403530587858
30,11,0.66840296179047165,0.47109620614313252,12.936506877319969,29.896183035199389,89.524603174603172,3,12.936506877319967
31,10,0.56523610648118883,0.76499885741602558,13.545686618653438,32.131339619412046,93.541666666666671,3.1616161616161618,13.545686618653439
32,10,0.63471832000059081,0.55357940065799582,12.468111321044949,27.649017844885748,85.313888888888897,2.8585858585858586,12.468111321044949
33,14,0.55920716074541355,0.3039500980626122,13.431359300920194,31.921019514922918,95.021825396825378,3.1515151515151514,13.431359300920196
34,9,0.030817834567939406,0.43671738923236236,17.861274305910499,50.44169760178459,123.04960317460318,3.9393939393939394,17.861274305910491
35,12,0.2145846728195292,0.40852864372463615,14.593272121505889,36.67852976272988,105.17142857142858,3.3636363636363638,14.59327212150589
36,8,0.85340307326816611,0.23393948586534075,18.056425909787134,54.655909872926628,124.10555555555555,4.191919191919192,18.056425909787148
37,7,0.058302741689066018,0.28138389202199654,18.681520582360552,56.1875311685857,127.40039682539683,4.0404040404040407,18.681520582360559
38,12,0.29359375776668362,0.66191651472689506,13.945122498290319,32.854108320703816,97.862698412698407,3.191919191919192,13.945122498290321
39,7,0.55703215234127834,0.7838982091064135,13.90369798898246,33.697667949904115,103.10079365079365,3.5252525252525251,13.903697988982463
40,12,0.66431354032738754,0.40638686144007052,13.063445733345056,31.573936021578842,94.744841269841245,3.1616161616161618,13.063445733345056
41,8,0.81402038466603466,0.16697291990770391,18.448785794911505,55.027660610626882,122.17222222222222,4.141414141414141,18.448785794911508
42,5,0.022712073133860478,0.090047860775641753,22.276834403222345,77.493870806078831,153.75674603174602,4.9090909090909092,22.276834403222349
43,9,0.72235935059645029,0.46187723025138738,13.345295130110481,32.127442579183722,93.8781746031746,3.191919191919192,13.345295130110484
44,18,0.16127177903360179,0.50104477510336354,15.031661837394539,38.549547443627361,105.03690476190476,3.404040404040404,15.031661837394541
45,12,0.15231210271316842,0.69632037507773603,15.944840100673355,42.219106627778629,108.50912698412698,3.606060606060606,15.944840100673359
46,14,0.4461562755740307,0.38102122609648248,12.528231762175746,27.245799196444828,85.768650793650792,2.797979797979798,12.528231762175748
47,13,0.30151208914787653,0.63028259311888846,13.523706110332746,31.333908397745756,96.259920634920633,3.1313131313131315,13.52370611033275
48,10,0.36181261055339042,0.087649919316100999,17.513882854013865,51.681302700881155,125.99920634920636,4.141414141414141,17.513882854013875
49,9,0.11800590212051532,0.96189766454951453,19.960860564645504,64.345716163457809,131.51031746031745,4.4444444444444446,19.960860564645511
50,13,0.90858069070760705,0.69970713381074956,17.072051064749672,48.679246334430118,114.40714285714286,3.8989898989898988,17.072051064749672
51,11,0.26586996145951958,0.96917637734772388,18.57459777982578,56.645071915072137,131.02698412698413,4.4646464646464645,18.574597779825783
52,14,0.77875090396579461,0.71689018915899561,14.902070981453232,39.108487584905262,113.60555555555557,3.8888888888888888,14.902070981453232
53,13,0.44936150214378867,0.27224156184515902,13.678943518122681,32.529404311142706,94.848412698412702,3.1010101010101012,13.678943518122683
54,8,0.096390962153499293,0.90260239654384167,19.306151385505707,62.235105002237724,139.64563492063493,4.7171717171717171,19.306151385505711
55,16,0.45577628983361107,0.20236336479523032,14.768412253387799,38.016597128336187,102.07420634920635,3.3434343434343434,14.768412253387805
56,13,0.3059566241506525,0.57921956894189597,13.136372481018595,29.072680711490662,93.332142857142856,3.0606060606060606,13.136372481018599
57,13,0.17677278293923171,0.8566142840923755,17.725980636903941,52.1185145021023,114.64126984126983,3.8282828282828283,17.725980636903937
58,16,0.75851952983521009,0.71946295595093679,14.746339439250384,38.43033382358643,101.05357142857144,3.4545454545454546,14.746339439250379
59,10,0.43209303977510372,0.62730884070244319,12.690135038863387,27.45827788000334,89.928571428571431,2.9090909090909092,12.690135038863389
60,12,0.58409796891273558,0.64984660155481999,12.48995566746993,28.064062435372154,86.845238095238102,2.8989898989898988,12.489955667469927
61,10,0.084444321139889089,0.41580740217060963,16.889143900920068,47.081154247656265,122.77738095238095,3.8888888888888888,16.889143900920065
62,9,0.041614173861892478,0.49399081924451893,17.452268489849072,49.123189461234908,120.28611111111111,3.8787878787878789,17.452268489849068
63,15,0.32986121233278531,0.1445241888660469,16.727101012867202,47.834981224708315,116.19563492063493,3.7575757575757578,16.727101012867209
64,12,0.10340296772255164,0.58764457217771204,16.302202220706533,43.581927999097722,115.93968253968255,3.7474747474747474,16.302202220706537
65,9,0.1705929685368861,0.9251201183767972,18.644442576231519,59.410974739023523,142.02341269841273,4.7474747474747474,18.644442576231526
66,16,0.58106113970039497,0.34686980453483707,13.200229300483063,31.365037480303229,93.762698412698384,3.0606060606060606,13.200229300483063
67,4,0.59091549148141675,0.022803871029697498,19.114987276743271,58.305178593904962,136.9154761904762,4.5353535353535355,19.114987276743285
68,3,0.95855921324144533,0.48230343694290023,17.99450556063794,52.79660560432211,118.54603174603174,4.0606060606060606,17.994505560637936
69,5,0.78273522725028621,0.082729999922438568,20.14400677793882,64.587836995697103,136.16706349206348,4.5353535353535355,20.144006777938827
70,12,0.48665833083816035,0.49070699435452092,12.129421913611651,26.306929974114546,85.1111111111111,2.7676767676767677,12.129421913611651
71,7,0.93782645497498285,0.57172805237607538,18.200782345517059,54.788314414180093,127.34246031746032,4.2929292929292933,18.200782345517059
72,13,0.47348940105695381,0.26697566309189358,13.706087827089599,32.398750185790817,93.848412698412702,3.0909090909090908,13.7060878270896
73,14,0.33156899734255219,0.52067240247153779,12.733758783825472,27.514419842998993,85.396031746031738,2.797979797979798,12.733758783825477
74,8,0.43891146030504669,0.021612079880330426,18.85054249955353,59.299397410012915,130.52817460317459,4.2525252525252526,18.850542499553534
75,12,0.82629192419435782,0.89616077183976672,18.50030979298004,56.541974906497394,125.40000000000001,4.2727272727272725,18.500309792980048
76,18,0.14024908899861077,0.5540361435390494,15.40364206845727,39.365580056201452,102.87023809523809,3.3232323232323231,15.403642068457266
77,13,0.10857574113544355,0.67224009303981169,16.641684319773915,46.15718869910404,112.96349206349207,3.7272727272727271,16.641684319773915
78,14,0.28123378383900832,0.65942263469190177,14.005917922497186,33.380893909826824,96.384920634920633,3.1414141414141414,14.005917922497192
79,19,0.72699461428688261,0.76864749191765702,15.013223402957946,40.061892891648199,100.08293650793651,3.3838383838383836,15.013223402957948
80,8,0.10774094595589656,0.91601184513760792,19.358845298169513,62.572016923243737,140.57896825396827,4.7272727272727275,19.358845298169516
81,7,0.23021399089488082,0.037412556176179779,19.625097540159093,61.749867971609255,130.90436507936508,4.2727272727272725,19.625097540159096
82,15,0.55485246939148336,0.37092228386243875,12.79884562072038,29.882998655942458,89.640873015872998,2.9696969696969697,12.798845620720376
83,17,0.82978974313241316,0.80825147206430181,16.861743159273196,47.923743673490279,113.35158730158732,3.8585858585858586,16.861743159273196
84,8,0.31713889282271535,0.95289939506974497,18.25534710940877,54.135073972936127,119.43492063492064,4.0707070707070709,18.255347109408778
85,15,0.29091783814011862,0.51505712923171454,13.132410142081367,29.22584283764024,89.473809523809521,2.9090909090909092,13.132410142081369
86,11,0.25596509056760275,0.93604357004896332,18.254861900413701,55.615858215418129,130.63412698412699,4.4343434343434343,18.254861900413694
87,6,0.16460781758201815,0.044910619392328988,20.36232890374076,64.640324905374271,135.4765873015873,4.3838383838383841,20.36232890374076
88,5,0.43509706000303794,0.99237556405583704,19.494378342834871,60.572564741046527,132.08888888888887,4.4949494949494948,19.494378342834874
89,16,0.89167726625491395,0.74860801945694921,17.107464870156992,49.282227421487853,113.8015873015873,3.8787878787878789,17.107464870156996
90,9,0.89079249087852486,0.8934466396978632,19.561559748611735,62.517944347489987,139.97579365079363,4.7676767676767673,19.561559748611732
91,13,0.51885836038644906,0.31592905183079301,13.103809568139573,30.047426692732685,93.437698412698396,3.0707070707070705,13.103809568139573
92,15,0.77201243211098802,0.66166126316776108,14.545694062000564,37.023027097464983,100.0170634920635,3.3737373737373737,14.54569406200056
93,13,0.37365772887371007,0.094466668061515269,17.189170101945034,50.886713413704193,117.43412698412699,3.8484848484848486,17.189170101945034
94,12,0.74678961134902599,0.26246051592286468,15.817974368303851,43.273408905461892,107.93373015873013,3.606060606060606,15.817974368303851
95,4,0.93681315053377923,0.24097057500568475,20.368405751863126,66.873936246554564,144.27936507936508,4.858585858585859,20.36840575186314
96,12,0.12275793241148603,0.83111267212490614,18.041084638170108,53.994659069902575,121.58214285714286,4.0505050505050502,18.041084638170108
97,8,0.15328431662449404,0.17926830815773909,18.597399929468697,55.973644343825924,125.659126984127,4.0505050505050502,18.597399929468704
98,8,0.59938279152084351,0.87456204083746447,15.732377761030017,42.061941952774205,111.75515873015874,3.808080808080808,15.732377761030014
99,9,0.19643466571457324,0.31032367290009477,15.889294782730866,42.410934132179648,109.17023809523809,3.4848484848484849,15.889294782730872
