u,v,length
0,10,0.085832060924162443
0,21,0.14640898446064279
0,30,0.11036049382344043
0,32,0.18039804734532575
0,40,0.11435550827072982
0,43,0.056490385064695066
0,68,0.18964192256175935
0,94,0.17849733655917535
1,3,0.13177683277120406
1,9,0.072635435316407856
1,22,0.11057878570871749
1,26,0.078704912087873571
1,27,0.17461558170277081
1,50,0.050037473832177791
1,52,0.082198909301587533
1,58,0.1024883893647591
1,71,0.14853472492754494
1,79,0.1496669364845232
1,83,0.11456460614848575
1,89,0.060989997298409065
1,90,0.19870408136141185
1,92,0.09365906164418894
2,49,0.027498491458102143
2,51,0.17181357379344148
2,54,0.07305350046294283
2,57,0.1448617479944514
2,65,0.091595975039579725
2,80,0.061134144940793292
2,86,0.16655855917198895
2,96,0.14730884998648824
3,6,0.12288213855597414
3,9,0.16810843703900127
3,15,0.18218305917939995
3,22,0.07353747678823716
3,26,0.12392558102885863
3,27,0.056228018170975509
3,31,0.19703292066809466
3,50,0.17086955907230769
3,52,0.071380759142226594
3,58,0.066652869661918787
3,75,0.12792984017709316
3,79,0.038330567460843332
3,83,0.072146368715661324
3,89,0.13580511415831978
3,90,0.16834729404467683
3,92,0.12487727233687379
3,98,0.18438315347118611
4,18,0.025383450782502912
4,34,0.098251216541855174
4,35,0.096069109805880001
4,37,0.18285308859786492
4,44,0.060545689005479776
4,61,0.05570174057316709
4,62,0.096868684581298423
4,64,0.13946522737736006
4,76,0.10435820250514656
4,85,0.17517868679090903
4,99,0.15583709966237755
5,20,0.11513107274543745
5,51,0.11317519265161881
5,84,0.059685086681624096
5,86,0.11520718173446069
5,88,0.091864648151695108
6,15,0.17644327655096917
6,22,0.18925236369198023
6,27,0.074326708983200734
6,31,0.09756565862827081
6,39,0.09513321433482666
6,52,0.17147283498494423
6,58,0.15432513171954834
6,60,0.18295276339940303
6,75,0.19663920091823944
6,79,0.099190982134504405
6,83,0.1864899719951939
6,98,0.068278560692138335
7,8,0.1976498801501633
7,13,0.18490968129455862
7,16,0.18530889289019634
7,17,0.045932097565393314
7,23,0.08282951495267199
7,33,0.13889796715647826
7,46,0.15380694918391866
7,48,0.16169060882892597
7,53,0.045394118894833524
7,55,0.027777773118177251
7,63,0.14048478457752703
7,66,0.18236851781945393
7,72,0.049835151184660184
7,82,0.18183358918982628
7,91,0.11643794981460966
7,93,0.14998127666573288
8,13,0.090114284153445023
8,17,0.15171974265445567
8,24,0.14875251355610075
8,48,0.19423982046388139
8,55,0.17017092392310484
8,67,0.05479067294926078
8,74,0.12313243038463316
8,93,0.1835047324220673
9,22,0.17316183124315379
9,26,0.052520320611104072
9,27,0.19292002236231959
9,43,0.19977447057414272
9,50,0.1057479944212131
9,52,0.098248236064519698
9,58,0.11173632203952881
9,68,0.1986223779143475
9,71,0.12544068738980535
9,79,0.16997671740182063
9,83,0.17660026545753726
9,89,0.13333308864377619
9,92,0.063192215332210061
10,12,0.16117026323396291
10,21,0.07156022852620085
10,30,0.14707814197995164
10,36,0.15370788022960935
10,40,0.10715947366044165
10,41,0.19571562693666561
10,43,0.1131406703822958
10,66,0.17719208245533119
10,94,0.092756106014769552
11,22,0.16423172440491529
11,75,0.14443808794912416
11,83,0.16449316427592756
11,89,0.16470676011546814
11,90,0.079906196560404305
12,21,0.1412881806161094
12,24,0.11048531500669316
12,36,0.084690542357718196
12,41,0.045115225587835102
12,69,0.11199328759343526
12,94,0.07481959145299627
12,95,0.16506543250908376
13,17,0.14569517449385674
13,48,0.11370248958379608
13,55,0.15893688432766995
13,63,0.16992706119289369
13,67,0.12595739902205377
13,74,0.035578668169703016
13,93,0.10595991125552745
14,19,0.073816039966687855
14,38,0.14089804256833849
14,44,0.18213806079829203
14,45,0.013417924809328642
14,47,0.15639303645548508
14,56,0.18380277473027173
14,57,0.17501549200417441
14,64,0.10812693598849689
14,76,0.12977456602087048
14,77,0.046974232118926047
14,78,0.12912418883234036
14,96,0.15138396250476935
15,22,0.18477525545741635
15,27,0.19093175532406453
15,75,0.10834102313881126
15,79,0.19965439198403578
15,83,0.18053499407396273
15,90,0.16373820701757366
15,98,0.17255269619082797
16,23,0.10269710341282547
16,35,0.11757437683009096
16,46,0.12079352382049353
16,53,0.15782263058209381
16,72,0.18031532579054205
16,73,0.15032246526080248
16,85,0.14875130166684516
16,99,0.14268249285402818
17,23,0.12848875781785532
17,33,0.14540545429862378
17,46,0.19297380605524944
17,48,0.14824372802374208
17,53,0.085198102011697641
17,55,0.018870056238045278
17,63,0.14674750111834703
17,66,0.19289299856999792
17,72,0.077604060900638691
17,74,0.17063356604516769
17,91,0.13572873462748125
17,93,0.13499012380441625
18,34,0.10649678680798083
18,35,0.10807638437294116
18,44,0.040310638820026792
18,61,0.075205635894639397
18,62,0.090180700127420424
18,64,0.11503789450845026
18,76,0.079009104475836756
18,77,0.19769095438042186
18,85,0.1657359799740323
18,99,0.17825532097315194
19,38,0.067150432280255218
19,44,0.18108379296648253
19,45,0.079166516677356996
19,47,0.084429263526124204
19,56,0.12023236534298973
19,57,0.19341153891398896
19,64,0.14834298171329685
19,73,0.18220004530120099
19,76,0.14461850326885922
19,77,0.11835847546975467
19,78,0.055309353435956748
19,85,0.16747171128176355
19,96,0.19200203366803054
20,31,0.14486563427678148
20,39,0.12942471751389095
20,84,0.16987131339177414
20,88,0.15971058759663123
20,98,0.1675503282414626
21,24,0.17352638438473916
21,30,0.16189586377706039
21,33,0.14130881427945213
21,36,0.17205248317266891
21,40,0.10065940873371779
21,41,0.18460660491454492
21,43,0.15113428467757098
21,66,0.12409694958382468
21,82,0.15675967909218777
21,91,0.18144171701090966
21,94,0.068228669401545441
22,26,0.14707511140567828
22,27,0.12934716547997133
22,50,0.12985337267109298
22,52,0.10288377697757725
22,58,0.11275618278138953
22,75,0.09159104821452399
22,79,0.11128875772606733
22,83,0.0042733073641428058
22,89,0.081755546798987402
22,90,0.10625734287351574
22,92,0.15526828752908522
23,33,0.17243787626293702
23,46,0.10970465094852036
23,53,0.063939797955185521
23,55,0.10979317371615212
23,63,0.15491708713381352
23,72,0.088621795512426743
23,82,0.18664373732581371
23,91,0.13424794905764437
23,93,0.19435345813191141
23,99,0.19230576031861626
24,36,0.19514248290847466
24,41,0.13431212303091736
24,67,0.14853914188730399
24,69,0.11532374329742495
24,94,0.13853156115950749
25,29,0.12287511976065124
25,42,0.19553867959207877
25,48,0.1807184108713511
25,63,0.18894755046411862
25,81,0.042678572211111154
25,87,0.051536353522415472
25,93,0.19436068051119379
25,97,0.17811645845487853
26,27,0.14181778875158157
26,32,0.18854182784158161
26,50,0.12655124892428035
26,52,0.052677298750641505
26,58,0.061557426581755968
26,71,0.1773225694903606
26,79,0.11985540465059298
26,83,0.14967022445510961
26,89,0.1341209529985215
26,92,0.015249249868790398
27,31,0.14081065146054644
27,39,0.1481671232741959
27,52,0.097417797500712458
27,58,0.08124159898616419
27,60,0.17829057192679459
27,75,0.16732043159599419
27,79,0.024949531391445241
27,83,0.12762725801909464
27,89,0.18925761176432426
27,92,0.13654911900617789
27,98,0.14140222581616599
28,32,0.17645513502294591
28,38,0.18977093978986512
28,46,0.18815310766030721
28,47,0.16900669825320552
28,56,0.15331763856040223
28,59,0.064417607572261018
28,60,0.14915987515373411
28,70,0.082818995367361731
28,73,0.13611690131501089
28,78,0.19948436907692246
28,85,0.17636690729777146
29,37,0.1856919776830589
29,42,0.11961713256237674
29,63,0.1924163518930927
29,81,0.11883746911141368
29,87,0.073908356477842857
29,97,0.066128260087332455
30,32,0.089096197841935787
30,33,0.19965356098085729
30,40,0.064838435050534896
30,43,0.054738299292858152
30,60,0.19763358946279791
30,66,0.15185780435183474
30,70,0.1827996003668054
30,82,0.15142169272977757
31,39,0.020603163782456402
31,58,0.19857492305346133
31,59,0.19153489738031457
31,60,0.11668681109838915
31,79,0.16179965198124252
31,98,0.1147610006083828
32,40,0.150138338433633
32,43,0.12684730308992395
32,60,0.10876485605547055
32,70,0.16085614649483637
32,82,0.19935439902239943
32,92,0.1747322586809949
33,40,0.1467673039885907
33,46,0.13682273719834148
33,53,0.11433066072877504
33,55,0.14497520282280049
33,66,0.048163239091933097
33,72,0.093352253145879846
33,82,0.067113612684719076
33,91,0.042089440763542887
33,94,0.19211600974564186
34,35,0.18591626129600744
34,37,0.15774636437984771
34,44,0.14545186213880801
34,61,0.057558905661714642
34,62,0.058282130430411958
34,64,0.16747422520164659
34,76,0.16043344276784416
35,44,0.10677780297943727
35,56,0.19360843329147973
35,61,0.13034374346248936
35,62,0.19293153436969565
35,73,0.16205417245474191
35,76,0.16339587364507788
35,85,0.13105369263127326
35,99,0.099868108285673343
36,41,0.077688590653267608
36,69,0.16690791802644808
36,94,0.11036249099184978
36,95,0.083705897067978513
37,42,0.19461801700077141
37,61,0.13694182070082894
37,97,0.1394600015959864
37,99,0.14113092982142803
38,45,0.14541021856011574
38,47,0.032609890649370345
38,56,0.083615939314193838
38,59,0.14275763453570742
38,73,0.14626010415574228
38,76,0.18749069824185235
38,77,0.18530580872530886
38,78,0.012609059961858821
38,85,0.14688376239009496
39,60,0.13675668873530908
39,79,0.17064531298978713
39,98,0.10006751232579955
40,43,0.08030253495754662
40,66,0.10233886003282464
40,70,0.19665009095693747
40,82,0.11506286244134077
40,91,0.17128871734868906
40,94,0.16588277555281161
41,69,0.089864512696458662
41,94,0.11678123939039844
41,95,0.1433656734000523
42,87,0.14890189002223012
42,97,0.15814360246699485
43,66,0.18218642203077035
43,82,0.19060786322613091
44,45,0.19548103679159798
44,47,0.19070856872820866
44,56,0.16445364939168117
44,61,0.11475133128154795
44,62,0.1198653443188948
44,64,0.10415528875612734
44,73,0.17142457910075268
44,76,0.057009110017556971
44,77,0.1791220513882244
44,78,0.19868172790868091
44,85,0.13040109934378916
44,99,0.19393547232357602
45,47,0.1631613452940413
45,56,0.19318187742492074
45,57,0.16214950553213303
45,64,0.1191743832436117
45,76,0.14279467372571078
45,77,0.049927240130849107
45,78,0.13409788629912542
45,96,0.13799424743616448
46,53,0.10882687550414255
46,55,0.17891667356367877
46,66,0.13916048993746041
46,70,0.11692469473543526
46,72,0.11727527527019017
46,73,0.18064521968608824
46,82,0.10916433110062913
46,91,0.097583729620807996
47,56,0.051256085780041961
47,59,0.13061480723924321
47,73,0.11365655117049663
47,76,0.17837958484835933
47,77,0.19744585633532277
47,78,0.035501432211625161
47,85,0.11571147601871562
48,55,0.14828468429871422
48,63,0.065234763624095318
48,74,0.10151467317768935
48,81,0.14086159643876461
48,93,0.013666561070016084
49,51,0.14804310083285674
49,54,0.063112078381576675
49,57,0.12057419492430337
49,65,0.064171547096561005
49,80,0.047019971800966134
49,84,0.1993361904914234
49,86,0.14036086306168974
49,96,0.13087129568928085
50,52,0.13096194453552296
50,58,0.15135601907689733
50,71,0.13127817797503846
50,79,0.19423253106980257
50,83,0.13412638363386423
50,89,0.051739949509161665
50,90,0.19455440420237805
50,92,0.14176874665840852
51,54,0.18208576585182518
51,57,0.14355672070057116
51,65,0.10496980201416456
51,80,0.16682701528609059
51,84,0.053790737819830264
51,86,0.034581633664162573
51,88,0.17080987426192776
51,96,0.1988533116598723
52,58,0.020394303816933773
52,75,0.18546722195330326
52,79,0.073195163161094146
52,83,0.10465107317930071
52,89,0.11729613829390641
52,92,0.055638487300458492
53,55,0.070172016673700932
53,63,0.17490582216038272
53,66,0.15137426841934182
53,72,0.024695853814832112
53,82,0.14445147651964599
53,91,0.082087819357352293
53,93,0.19322260257825244
54,57,0.092607470539251321
54,65,0.077543442971450133
54,80,0.017568023335126238
54,86,0.16304053037364799
54,96,0.076197098488596682
55,63,0.13856398166264558
55,66,0.19125481623310608
55,72,0.066996293930242923
55,74,0.18153635854399761
55,82,0.19552032772294925
55,91,0.12990963358078031
55,93,0.13559187003715323
56,59,0.13499249388408255
56,73,0.063904337585401622
56,76,0.16761023871227523
56,78,0.083927055165630662
56,85,0.065901318304213738
57,65,0.068784005677570745
57,77,0.19658249880667134
57,80,0.091068462023995267
57,84,0.17021594343582083
57,86,0.11216252963926925
57,96,0.059732204801715504
58,60,0.18780127186480453
58,75,0.18924908342460917
58,79,0.058420363560926045
58,83,0.11385448562547767
58,89,0.13631000511770522
58,92,0.059355657695154218
59,60,0.15366668196579053
59,70,0.14709668729939995
59,73,0.14654833013567614
59,78,0.15423945949720427
59,85,0.18036320102722289
60,70,0.18660090473513169
60,79,0.18583084461463217
60,92,0.1882855058365239
61,62,0.089146330385539332
61,64,0.17287985214100607
61,76,0.1490682966162451
61,99,0.15384620378407704
62,64,0.11220018041530329
62,76,0.11547418522623552
62,77,0.19041180399407898
63,72,0.18874167567410371
63,74,0.16431476841151052
63,81,0.14629583246895239
63,87,0.19295478149024478
63,93,0.066512331565023439
63,97,0.17996264591112265
64,76,0.049871466076807251
64,77,0.084753523435377356
64,78,0.19177040808981963
65,80,0.063508561500957891
65,84,0.1491556104823796
65,86,0.086068118467070742
65,96,0.10547791537530744
66,70,0.1720494914154162
66,72,0.13399534615678962
66,82,0.035572688416338892
66,91,0.06947313100956562
66,94,0.18598616700972775
67,74,0.15200870323771135
68,71,0.091796563719492436
69,94,0.18328978608831523
70,73,0.15795767486175324
70,82,0.13783619771562824
70,85,0.19724925741358229
70,91,0.17771936049777526
71,89,0.18280117716812314
71,92,0.18863263922673398
72,82,0.13200321533366094
72,91,0.066744113895258209
72,93,0.19931311080130612
73,76,0.19420722578409411
73,78,0.14759830845796396
73,85,0.041037154361133206
74,93,0.097805114819026956
75,79,0.16161556952025222
75,83,0.087978859530775763
75,89,0.16139100870903866
75,90,0.064557645680913683
76,77,0.12237391324314166
76,78,0.17601987585710385
76,85,0.15562916026322973
77,78,0.17313314803562721
77,96,0.15950432888965693
78,85,0.14468994462118714
79,83,0.11016040013464486
79,89,0.16589742709194499
79,92,0.11607177548297176
79,98,0.16583928660771929
80,86,0.14957161177441464
80,96,0.086217048548694983
81,87,0.066033256233134094
81,93,0.1543738243626924
81,97,0.16137295050162984
82,91,0.065725424702718499
83,89,0.085950025928812762
83,90,0.10478335660154413
83,92,0.1575655641731338
84,86,0.063453549305604859
84,88,0.12438849272484746
86,88,0.1877806060875514
86,96,0.16957193259256556
87,97,0.13483400982066007
89,90,0.1448413226284487
89,92,0.1479169055919734
94,95,0.19123483732030452
97,99,0.13797630685863274
